Workbook

Sheet All Epitope Lists
A1: EPITOPE | B1: EPITOPE_CLEAN | C1: PROTEIN | D1: HXB2 START | E1: HXB2 END | F1: SUBPROTEIN | G1: HXB2 DNA CONTIG | H1: SUBTYPE | I1: SPECIES | J1: HLA | K1: HXB2_GENOME_START | L1: HXB2_GENOME_END | M1: HLA_EPITOPE | N1: ORIGINAL_NAME | O1: Note | P1: Fernando_Approved_Name | Q1: CLADEB_GENOME_START | R1: CLADEB_GENOME_END | S1: NEW_EPITOPE | T1: REF_EPITOPE | U1: DIST_CLEAN_NEW | V1: DIST_CLEAN_REF | W1: DIST_REF_NEW | X1: MATCH (REF&CLEAN)
A2: GELDRWEKI | B2: GELDRWEKI | C2: Gag | D2: 11 | E2: 19 | F2: p17(11-19) | G2: 820..846 | I2: human | J2: B*4002 | K2: 820 | L2: 846 | M2: B4002_Gag_GI9 | N2: #N/A | O2: original name should be B40_Gag_GI9 | P2: B4002_Gag_GI9 | Q2: 42 | R2: 68 | S2: GELDKWEKI | T2: GELDRWEKI | U2: 1 | V2: 0 | W2: 1 | X2: TRUE
A3: DRWEKIRLRPG | B3: DRWEKIRLRPG | C3: Gag | G3: 829..861 | I3: human | J3: B*40 | K3: 829 | L3: 861 | M3: B40_Gag_DG11 | N3: B40_Gag_DG11 | O3: Additional_Epitopes_20240410_CladeB | P3: B40_Gag_DG11 | Q3: 51 | R3: 83 | S3: DKWEKIRLRPG | T3: DRWEKIRLRPG | W3: 1 | X3: TRUE
A4: KIRLRPGGK | B4: KIRLRPGGK | C4: Gag | D4: 18 | E4: 26 | F4: p17(18-26) | G4: 841..867 | I4: human | J4: A*0301 | K4: 841 | L4: 867 | M4: A0301_Gag_KK9 | N4: A03_Gag_KK9 | O4: original name should be A03_Gag_KK9 | P4: A0301_Gag_KK9 | Q4: 63 | R4: 89 | S4: KIRLRPGGK | T4: KIRLRPGGK | U4: 0 | V4: 0 | W4: 0 | X4: TRUE
A5: IRLRPGGKK | B5: IRLRPGGKK | C5: Gag | D5: 19 | E5: 27 | F5: p17(19-27) | G5: 844..870 | H5: B | I5: human | J5: B*2705 | K5: 844 | L5: 870 | M5: B2705_Gag_IK9 | N5: B27_Gag_IK9 | O5: original name should be B27_Gag_IK9 | P5: B2705_Gag_IK9 | Q5: 66 | R5: 92 | S5: IRLRPGGKK | T5: IRLRPGGKK | U5: 0 | V5: 0 | W5: 0 | X5: TRUE
A6: RLRPGGKKK | B6: RLRPGGKKK | C6: Gag | D6: 20 | E6: 28 | F6: p17(20-28) | G6: 847..873 | I6: human | J6: A*0301 | K6: 847 | L6: 873 | M6: A0301_Gag_RK9 | N6: A03_Gag_RK9 | O6: original name should be A03_Gag_RK9 | P6: A0301_Gag_RK9 | Q6: 69 | R6: 95 | S6: RLRPGGKKK | T6: RLRPGGKKK | U6: 0 | V6: 0 | W6: 0 | X6: TRUE
A7: RLRPGGKKKY | B7: RLRPGGKKKY | C7: Gag | D7: 20 | E7: 29 | F7: p17(20-29) | G7: 847..876 | H7: B | I7: human | J7: A*0301 | K7: 847 | L7: 876 | M7: A0301_Gag_RY10 | N7: A03_Gag_RY10 | O7: original name should be A03_Gag_RY10 | P7: A0301_Gag_RY10 | Q7: 69 | R7: 98 | S7: RLRPGGKKKY | T7: RLRPGGKKKY | U7: 0 | V7: 0 | W7: 0 | X7: TRUE
A8: RPGGKKHYM | B8: RPGGKKHYM | C8: Gag | G8: 853..879 | I8: human | J8: B*0702 | K8: 853 | L8: 879 | M8: B0702_Gag_RM9 | N8: B0702_Gag_RM9 | O8: Additional_Epitopes_20240410_CladeB | P8: B0702_Gag_RK9 | Q8: 75 | R8: 101 | S8: RPGGKKHYM | T8: RPGGKKHYM | W8: 0 | X8: TRUE
A9: RPGGKKKYKL | B9: RPGGKKKYKL | C9: Gag | D9: 22 | E9: 31 | F9: p17(22-31) | G9: 853..882 | H9: B | I9: human | J9: B*5101, B*5108 | K9: 853 | L9: 882 | M9: B5101_Gag_RL10 | N9: B51_Gag_RL10 | O9: FINE | P9: B5101_Gag_RL10 | Q9: 75 | R9: 104 | S9: RPGGKKKYKL | T9: RPGGKKKYKL | U9: 0 | V9: 0 | W9: 0 | X9: TRUE
A10: GGKKKYKL | B10: GGKKKYKL | C10: Gag | D10: 24 | E10: 31 | F10: p17(24-31) | G10: 859..882 | H10: B | I10: human | J10: B*0801 | K10: 859 | L10: 882 | M10: B0801_Gag_GL8 | N10: #N/A | O10: original name should be B08_Gag_GL8 | P10: B0801_Gag_GL8 | Q10: 81 | R10: 104 | S10: GGKKKYKL | T10: GGKKKYKL | U10: 0 | V10: 0 | W10: 0 | X10: TRUE
A11: GGKKKYKLK | B11: GGKKKYKLK | C11: Gag | D11: 24 | E11: 32 | F11: p17(24-32) | G11: 859..885 | H11: B | I11: human | J11: B*0801 | K11: 859 | L11: 885 | M11: B0801_Gag_GK9 | N11: B08_Gag_GK9 | O11: original name should be B08_Gag_GK9 | P11: B0801_Gag_GK9 | Q11: 81 | R11: 107 | S11: GGKKKYKLK | T11: GGKKKYKLK | U11: 0 | V11: 0 | W11: 0 | X11: TRUE
A12: KYKLKHIVW | B12: KYKLKHIVW | C12: Gag | D12: 28 | E12: 36 | F12: p17(28-36) | G12: 871..897 | H12: B | I12: human | J12: A*2402, A*2403 | K12: 871 | L12: 897 | M12: A2402_Gag_KW9 | N12: A24_Gag_KW9 | O12: original name should be A24_Gag_KW9 | P12: A2402_Gag_KW9 | Q12: 93 | R12: 119 | S12: KYKLKHIVW | T12: KYKLKHIVW | U12: 0 | V12: 0 | W12: 0 | X12: TRUE
A13: HLVWASREL | B13: HLVWASREL | C13: Gag | D13: 33 | E13: 41 | F13: p17(33-41) | G13: 886..912 | I13: human | J13: Cw*0804, Cw*0802 | K13: 886 | L13: 912 | M13: Cw0804_Gag_HL9 | N13: Cw08_Gag_HL9 | O13: original name should be Cw08_Gag_HL9 | P13: Cw0804_Gag_HL9 | Q13: 108 | R13: 134 | S13: HIVWASREL | T13: HIVWASREL | U13: 1 | V13: 1 | W13: 0 | X13: FALSE
A14: LVWASRELERF | B14: LVWASRELERF | C14: Gag | D14: 34 | E14: 44 | F14: p17(34-44) | G14: 889..921 | I14: human | J14: A*30, A*3001 | K14: 889 | L14: 921 | M14: A30_Gag_LF11 | N14: A30_Gag_LF11 | O14: original name should be A30_Gag_LF11 | P14: A30_Gag_LF11 | Q14: 111 | R14: 143 | S14: IVWASRELERF | T14: IVWASRELERF | U14: 1 | V14: 1 | W14: 0 | X14: FALSE
A15: WASRELERF | B15: WASRELERF | C15: Gag | D15: 36 | E15: 44 | F15: p17(36-44) | G15: 895..921 | H15: B | I15: human | J15: B*3501 | K15: 895 | L15: 921 | M15: B3501_Gag_WF9 | N15: B35_Gag_WF9 | O15: original name should be B35_Gag_WF9 | P15: B3501_Gag_WF9 | Q15: 117 | R15: 143 | S15: WASRELERF | T15: WASRELERF | U15: 0 | V15: 0 | W15: 0 | X15: TRUE
A16: LETSEGCRQI | B16: LETSEGCRQI | C16: Gag | D16: 51 | E16: 60 | G16: 940..969 | I16: human | J16: B*40 | K16: 940 | L16: 969 | M16: B40_Gag_LI10 | N16: B40_Gag_LI10 | O16: Additional_Epitopes_20240410_CladeB | P16: B40_Gag_LI10 | Q16: 162 | R16: 191 | S16: LETSEGCRQI | T16: LETSEGCRQI | W16: 0 | X16: TRUE
A17: GSEELRSLY* | B17: GSEELRSLY | C17: Gag | D17: 71 | E17: 79 | F17: p17(71-79) | G17: 1000..1026 | I17: human | J17: A*0101 | K17: 1000 | L17: 1026 | M17: A0101_Gag_GY9 | N17: A01_Gag_GY9 | O17: original name should be A01_Gag_GY9 | P17: A0101_Gag_GY9 | Q17: 222 | R17: 248 | S17: GSEELRSLY | T17: GSEELRSLY | U17: 0 | V17: 0 | W17: 0 | X17: TRUE
A18: ELRSLYNTV | B18: ELRSLYNTV | C18: Gag | D18: 74 | E18: 82 | F18: p17(74-82) | G18: 1009..1035 | I18: human | J18: B*0801 | K18: 1009 | L18: 1035 | M18: B0801_Gag_EV9 | N18: B08_Gag_EV9 | O18: original name should be B08_Gag_EV9 | P18: B0801_Gag_EV9 | Q18: 231 | R18: 257 | S18: ELRSLYNTV | T18: ELRSLYNTV | U18: 0 | V18: 0 | W18: 0 | X18: TRUE
A19: RSLYNTVATLY | B19: RSLYNTVATLY | C19: Gag | D19: 76 | E19: 86 | F19: p17(76-86) | G19: 1015..1047 | H19: B | I19: human | J19: A*3002, B*58, B*63 | K19: 1015 | L19: 1047 | M19: A3002_Gag_RY11 | N19: A30_Gag_RY11 | O19: original name should be A30_Gag_RY11 | P19: A3002_Gag_RY11 | Q19: 237 | R19: 269 | S19: RSLYNTVATLY | T19: RSLYNTVATLY | U19: 0 | V19: 0 | W19: 0 | X19: TRUE
A20: RSLYNTVATLY | B20: RSLYNTVATLY | C20: Gag | D20: 76 | E20: 86 | G20: 1015..1047 | I20: human | J20: B*58 | K20: 1015 | L20: 1047 | M20: B58_Gag_RY11 | N20: B58_Gag_RY11 | O20: Additional_Epitopes_20240410_CladeB | P20: B58_Gag_RY11 | Q20: 237 | R20: 269 | S20: RSLYNTVATLY | T20: RSLYNTVATLY | U20: 0 | V20: 0 | W20: 0 | X20: TRUE
A21: RSLYNTVATLY | B21: RSLYNTVATLY | C21: Gag | D21: 76 | E21: 86 | F21: p17(76-86) | G21: 1015..1047 | H21: B | I21: human | J21: B*63 | K21: 1015 | L21: 1047 | M21: A63_Gag_RY11 | N21: #N/A | O21: original name should be A63_Gag_RY11 | P21: B63_Gag_RY11 | Q21: 237 | R21: 269 | S21: RSLYNTVATLY | T21: RSLYNTVATLY | U21: 0 | V21: 0 | W21: 0 | X21: TRUE
A22: SLYNTVATL | B22: SLYNTVATL | C22: Gag | D22: 77 | E22: 85 | F22: p17(77-85) | G22: 1018..1044 | H22: B | I22: human | J22: A*0201, A*0202, A*0205 | K22: 1018 | L22: 1044 | M22: A0201_Gag_SL9 | N22: A02_Gag_SL9 | O22: original name should be A02_Gag_SL9 | P22: A0201_Gag_SL9 | Q22: 240 | R22: 266 | S22: SLYNTVATL | T22: SLYNTVATL | U22: 0 | V22: 0 | W22: 0 | X22: TRUE
A23: SLYNTVATLY | B23: SLYNTVATLY | C23: Gag | D23: 77 | E23: 86 | F23: p17(77-86) | G23: 1018..1047 | H23: B | I23: human | J23: A*0201 | K23: 1018 | L23: 1047 | M23: A0201_Gag_SY10 | N23: A02_Gag_SY10 | O23: original name should be A02_Gag_SY10 | P23: A0201_Gag_SY10 | Q23: 240 | R23: 269 | S23: SLYNTVATLY | T23: SLYNTVATLY | U23: 0 | V23: 0 | W23: 0 | X23: TRUE
A24: LYNTVATL | B24: LYNTVATL | C24: Gag | D24: 78 | E24: 85 | F24: p17(78-85) | G24: 1021..1044 | I24: human | J24: Cw*14 | K24: 1021 | L24: 1044 | M24: Cw14_Gag_LL8 | N24: Cw14_Gag_LL8 | O24: original name should be Cw14_Gag_LL8 | P24: Cw14_Gag_LL8 | Q24: 243 | R24: 266 | S24: LYNTVATL | T24: LYNTVATL | U24: 0 | V24: 0 | W24: 0 | X24: TRUE
A25: LYNTVATLY | B25: LYNTVATLY | C25: Gag | D25: 78 | E25: 86 | F25: p17(78-86) | G25: 1021..1047 | I25: human | J25: A*2902, B*4403 | K25: 1021 | L25: 1047 | M25: A2902_Gag_LY9 | N25: A29_Gag_LY9 | O25: original name should be A29_Gag_LY9 | P25: A2902_Gag_LY9 | Q25: 243 | R25: 269 | S25: LYNTVATLY | T25: LYNTVATLY | U25: 0 | V25: 0 | W25: 0 | X25: TRUE
A26: LYNTVATLY | B26: LYNTVATLY | C26: Gag | D26: 78 | E26: 86 | G26: 1021..1047 | I26: human | J26: B*4403 | K26: 1021 | L26: 1047 | M26: B44_Gag_LY9 | N26: B44_Gag_LY9 | O26: Additional_Epitopes_20240410_CladeB | P26: B4403_Gag_LY9 | Q26: 243 | R26: 269 | S26: LYNTVATLY | T26: LYNTVATLY | U26: 0 | V26: 0 | W26: 0 | X26: TRUE
A27: TLYCVHQK | B27: TLYCVHQK | C27: Gag | D27: 84 | E27: 91 | F27: p17(84-91) | G27: 1039..1062 | I27: human | J27: A*1101 | K27: 1039 | L27: 1062 | M27: A1101_Gag_TK8 | N27: A11_Gag_TI9 | O27: original name should be A11_Gag_TK8 | P27: A1101_Gag_TK8 | Q27: 261 | R27: 284 | S27: TLYCVHQK | T27: TLYCVHQR | U27: 0 | V27: 1 | W27: 1 | X27: FALSE
A28: IEIKDTKEAL | B28: IEIKDTKEAL | C28: Gag | D28: 92 | E28: 101 | F28: p17(92-101) | G28: 1063..1092 | I28: human | J28: B*4001 | K28: 1063 | L28: 1092 | M28: B4001_Gag_IL10 | N28: B4001_Gag_IL10 | O28: FINE | P28: B4001_Gag_IL10 | Q28: 285 | R28: 314 | S28: IEVKDTKEAL | T28: IEIKDTKEAL | U28: 1 | V28: 0 | W28: 1 | X28: TRUE
A29: NSSKVSQNY | B29: NSSKVSQNY | C29: Gag | D29: 124 | E29: 132 | F29: p17(124-132) | G29: 1159..1185 | H29: B | I29: human | J29: B*3501 | K29: 1159 | L29: 1185 | M29: B3501_Gag_NY9 | N29: B35_Gag_NNY9 | O29: original name should be B35_Gag_NY9 | P29: B3501_Gag_NY9 | Q29: 381 | R29: 407 | S29: NSSQVSQNY | T29: HSNQVSQNY | U29: 1 | V29: 3 | W29: 2 | X29: FALSE
A30: VQNLQGQMV | B30: VQNLQGQMV | C30: Gag | D30: 135 | E30: 143 | F30: p24(3-11) | G30: 1192..1218 | I30: human | J30: B*13 | K30: 1192 | L30: 1218 | M30: B13_Gag_VV9 | N30: B13_Gag_VV9 | O30: original name should be B13_Gag_VV9 | P30: B13_Gag_VV9 | Q30: 414 | R30: 440 | S30: VQNLQGQMV | T30: VQNIQGQMV | U30: 0 | V30: 1 | W30: 1 | X30: FALSE
A31: GQMVHQAI | B31: GQMVHQAI | C31: Gag | D31: 140 | E31: 147 | G31: 1207..1230 | I31: human | J31: B*1302 | K31: 1207 | L31: 1230 | M31: B1302_Gag_GI8 | N31: B1302_Gag_GI8 | O31: Additional_Epitopes_20240410_CladeB | P31: B1302_Gag_GI8 | Q31: 429 | R31: 452 | S31: GQMVHQAI | T31: GQMVHQAI | W31: 0 | X31: TRUE
A32: HQAISPRTL | B32: HQAISPRTL | C32: Gag | D32: 144 | E32: 152 | F32: p24(12-20) | G32: 1219..1245 | I32: human | J32: B*1510 | K32: 1219 | L32: 1245 | M32: B1510_Gag_HL9 | N32: B1510_Gag_HL9 | O32: original name should be B15_Gag_HL9 | P32: B1510_Gag_HL9 | Q32: 441 | R32: 467 | S32: HQAISPRTL | T32: HQAISPRTL | U32: 0 | V32: 0 | W32: 0 | X32: TRUE
A33: QAISPRTLNAW | B33: QAISPRTLNAW | C33: Gag | D33: 145 | E33: 155 | F33: p24(13-23) | G33: 1222..1254 | H33: B | I33: human | J33: A*2501 | K33: 1222 | L33: 1254 | M33: A2501_Gag_QW11 | N33: A25_Gag_QW11 | O33: original name should be A25_Gag_QW11 | P33: A2501_Gag_QW11 | Q33: 444 | R33: 476 | S33: QAISPRTLNAW | T33: QAISPRTLNAW | U33: 0 | V33: 0 | W33: 0 | X33: TRUE
A34: ISPRTLNAW | B34: ISPRTLNAW | C34: Gag | D34: 147 | E34: 155 | F34: p24(15-23) | G34: 1228..1254 | I34: human | J34: B*5701, B*63, B*5703 | K34: 1228 | L34: 1254 | M34: B5701_Gag_IW9 | N34: #N/A | O34: original name should be B57_Gag_IW9 | P34: B5701_Gag_IW9 | Q34: 450 | R34: 476 | S34: ISPRTLNAW | T34: ISPRTLNAW | U34: 0 | V34: 0 | W34: 0 | X34: TRUE
A35: ISPRTLNAW | B35: ISPRTLNAW | C35: Gag | D35: 147 | E35: 155 | G35: 1228..1254 | I35: human | J35: B*63 | K35: 1228 | L35: 1254 | M35: B63_Gag_IW9 | N35: #N/A | O35: original name should be B63_Gag_IW9 | P35: B63_Gag_IW9 | Q35: 450 | R35: 476 | S35: ISPRTLNAW | T35: ISPRTLNAW | U35: 0 | V35: 0 | W35: 0 | X35: TRUE
A36: SPRTLNAWV | B36: SPRTLNAWV | C36: Gag | D36: 148 | E36: 156 | F36: p24(16-24) | G36: 1231..1257 | I36: human | J36: B*0702 | K36: 1231 | L36: 1257 | M36: B0702_Gag_SV9 | N36: B07_Gag_SV9 | O36: original name should be B07_Gag_SV9 | P36: B0702_Gag_SV9 | Q36: 453 | R36: 479 | S36: SPRTLNAWV | T36: SPRTLNAWV | U36: 0 | V36: 0 | W36: 0 | X36: TRUE
A37: VKVIEEKAF | B37: VKVIEEKAF | C37: Gag | D37: 156 | E37: 164 | F37: p24(24-32) | G37: 1255..1281 | I37: human | J37: B*1503 | K37: 1255 | L37: 1281 | M37: B1503_Gag_VF9 | N37: B1503_Gag_VF9 | O37: original name should be B15_Gag_VF9 | P37: B1503_Gag_VF9 | Q37: 477 | R37: 503 | S37: VKVVEEKAF | T37: VKVVEEKAF | U37: 1 | V37: 1 | W37: 0 | X37: FALSE
A38: EEKAFSPEV | B38: EEKAFSPEV | C38: Gag | D38: 160 | E38: 168 | F38: p24(28-36) | G38: 1267..1293 | I38: human | J38: B*4415 | K38: 1267 | L38: 1293 | M38: B4415_Gag_EV9 | N38: B44_Gag_EV9 | O38: original name should be B44_Gag_EV9 | P38: B4415_Gag_EV9 | Q38: 489 | R38: 515 | S38: EEKAFSPEV | T38: EEKAFSPEV | U38: 0 | V38: 0 | W38: 0 | X38: TRUE
A39: KAFSPEVI | B39: KAFSPEVI | C39: Gag | D39: 162 | E39: 169 | F39: p24(30-37) | G39: 1273..1296 | H39: B | I39: human | J39: B*5701, B*5703 | K39: 1273 | L39: 1296 | M39: B5703_Gag_KI8 | N39: B57_Gag_KI8 | O39: original name should be B57_Gag_KI8 | P39: B5703_Gag_KI8 | Q39: 495 | R39: 518 | S39: KAFSPEVI | T39: KAFSPEVI | U39: 0 | V39: 0 | W39: 0 | X39: TRUE
A40: KAFSPEVIPMF | B40: KAFSPEVIPMF | C40: Gag | D40: 162 | E40: 172 | F40: p24(30-40) | G40: 1273..1305 | H40: B | I40: human | J40: B*5701, B*5703, B*63 | K40: 1273 | L40: 1305 | M40: B5701_Gag_KF11 | N40: B57_Gag_KF11 | O40: original name should be B57_Gag_KF11 | P40: B5701_Gag_KF11 | Q40: 495 | R40: 527 | S40: KAFSPEVIPMF | T40: KAFSPEVIPMF | U40: 0 | V40: 0 | W40: 0 | X40: TRUE
A41: KAFSPEVIPMF | B41: KAFSPEVIPMF | C41: Gag | D41: 162 | E41: 172 | G41: 1273..1305 | H41: B | I41: human | J41: B*63 | K41: 1273 | L41: 1305 | M41: B63_Gag_KF11 | N41: #N/A | O41: original name should be B63_Gag_KF11 | P41: B63_Gag_KF11 | Q41: 495 | R41: 527 | S41: KAFSPEVIPMF | T41: KAFSPEVIPMF | U41: 0 | V41: 0 | W41: 0 | X41: TRUE
A42: FSPEVIPMF | B42: FSPEVIPMF | C42: Gag | D42: 164 | E42: 172 | F42: p24(32-40) | G42: 1279..1305 | I42: human | J42: B*57, B*5701 | K42: 1279 | L42: 1305 | M42: B57_Gag_FF9 | N42: B57_Gag_FF9 | O42: FINE | P42: B57_Gag_FF9 | Q42: 501 | R42: 527 | S42: FSPEVIPMF | T42: FSPEVIPMF | U42: 0 | V42: 0 | W42: 0 | X42: TRUE
A43: EVIPMFSAL | B43: EVIPMFSAL | C43: Gag | D43: 167 | E43: 175 | F43: p24(35-43) | G43: 1288..1314 | H43: B | I43: human | J43: A*2601, A*2602, A*2603 | K43: 1288 | L43: 1314 | M43: A2601_Gag_EL9 | N43: #N/A | O43: orignal name should be A26_Gag_EL9 | P43: A2601_Gag_EL9 | Q43: 510 | R43: 536 | S43: EVIPMFSAL | T43: EVIPMFSAL | U43: 0 | V43: 0 | W43: 0 | X43: TRUE
A44: VIPMFSAL | B44: VIPMFSAL | C44: Gag | D44: 168 | E44: 175 | F44: p24(36-43) | G44: 1291..1314 | H44: B | I44: human | J44: Cw*0102 | K44: 1291 | L44: 1314 | M44: Cw0102_Gag_VL8 | N44: Cw01_Gag_VL8 | O44: FINE | P44: Cw0102_Gag_VL8 | Q44: 513 | R44: 536 | S44: VIPMFSAL | T44: VIPMFSAL | U44: 0 | V44: 0 | W44: 0 | X44: TRUE
A45: SEGATPQDL | B45: SEGATPQDL | C45: Gag | D45: 176 | E45: 184 | F45: p24(44-52) | G45: 1315..1341 | I45: human | J45: B*4001 | K45: 1315 | L45: 1341 | M45: B4001_Gag_SL9 | N45: B4001_Gag_SL9 | O45: original name should be B40_Gag_SL9 | P45: B4001_Gag_SL9 | Q45: 537 | R45: 563 | S45: SEGATPQDL | T45: SEGATPQDL | U45: 0 | V45: 0 | W45: 0 | X45: TRUE
A46: TPQDLNTML | B46: TPQDLNTML | C46: Gag | D46: 180 | E46: 188 | F46: p24(48-56) | G46: 1327..1353 | H46: B | I46: human | J46: B*0702, B*3910, B*4201, B*8101, Cw*0802 | K46: 1327 | L46: 1353 | M46: B0702_Gag_TL9 | N46: B07_Gag_TL9 | O46: original name should be B07_Gag_TL9 | P46: B0702_Gag_TL9 | Q46: 549 | R46: 575 | S46: TPQDLNTML | T46: TPQDLNTML | U46: 0 | V46: 0 | W46: 0 | X46: TRUE
A47: TPQDLNTML | B47: TPQDLNTML | C47: Gag | D47: 180 | E47: 188 | G47: 1327..1353 | H47: B | I47: human | J47: B*3910 | K47: 1327 | L47: 1353 | M47: B39_Gag_TL9 | N47: #N/A | O47: original name should be B39_Gag_TL9 | P47: B3910_Gag_TL9 | Q47: 549 | R47: 575 | S47: TPQDLNTML | T47: TPQDLNTML | U47: 0 | V47: 0 | W47: 0 | X47: TRUE
A48: TPQDLNTML | B48: TPQDLNTML | C48: Gag | D48: 180 | E48: 188 | G48: 1327..1353 | H48: B | I48: human | J48: B*4201 | K48: 1327 | L48: 1353 | M48: B42_Gag_TL9 | N48: #N/A | O48: original name should be B42_Gag_TL9 | P48: B4201_Gag_TL9 | Q48: 549 | R48: 575 | S48: TPQDLNTML | T48: TPQDLNTML | U48: 0 | V48: 0 | W48: 0 | X48: TRUE
A49: TPQDLNMML | B49: TPQDLNMML | C49: Gag | D49: 180 | E49: 188 | G49: 1327..1353 | J49: B*53 | K49: 1327 | L49: 1353 | P49: B53_Gag_TL9 | Q49: 549 | R49: 575 | S49: TPQDLNMML | T49: TPQDLNMML
A50: TPQDLNTML | B50: TPQDLNTML | C50: Gag | D50: 180 | E50: 188 | G50: 1327..1353 | I50: human | J50: B*8101 | K50: 1327 | L50: 1353 | M50: B81_Gag_TL9 | N50: B81_Gag_TL9 | O50: Additional_Epitopes_20240410_CladeB | P50: B8101_Gag_TL9 | Q50: 549 | R50: 575 | S50: TPQDLNTML | T50: TPQDLNTML | U50: 1 | V50: 1 | W50: 0 | X50: TRUE
A51: TPQDLNTML | B51: TPQDLNTML | C51: Gag | D51: 180 | E51: 188 | G51: 1327..1353 | I51: human | J51: Cw*0802 | K51: 1327 | L51: 1353 | M51: Cw08_Gag_TL9 | N51: Cw08_Gag_TL9 | O51: Additional_Epitopes_20240410_CladeB | P51: Cw0802_Gag_TL9 | Q51: 549 | R51: 575 | S51: TPQDLNTML | T51: TPQDLNTML | U51: 1 | V51: 1 | W51: 0 | X51: TRUE
A52: GHQAAMQML | B52: GHQAAMQML | C52: Gag | D52: 193 | E52: 201 | F52: p24(61-69) | G52: 1366..1392 | H52: B | I52: human | J52: B*1510, B*3901 | K52: 1366 | L52: 1392 | M52: B1510_Gag_GL9 | N52: B1510_Gag_GL9 | O52: original name should be B15_Gag_GL9 | P52: B1510_Gag_GL9 | Q52: 588 | R52: 614 | S52: GHQAAMQML | T52: GHQAAMQML | U52: 0 | V52: 0 | W52: 0 | X52: TRUE
A53: GHQAAMQML | B53: GHQAAMQML | C53: Gag | D53: 193 | E53: 201 | G53: 1366..1392 | H53: B | I53: human | J53: B*3901 | K53: 1366 | L53: 1392 | M53: B3901_Gag_GL9 | N53: #N/A | O53: original name should be B39_Gag_GL9 | P53: B3901_Gag_GL9 | Q53: 588 | R53: 614 | S53: GHQAAMQML | T53: GHQAAMQML | U53: 0 | V53: 0 | W53: 0 | X53: TRUE
A54: KETINEEAA | B54: KETINEEAA | C54: Gag | D54: 202 | E54: 210 | F54: p24(70-78) | G54: 1393..1419 | I54: human | J54: B*4002 | K54: 1393 | L54: 1419 | M54: B4002_Gag_KA9 | N54: #N/A | O54: original name should be B40_Gag_KA9 | P54: B4002_Gag_KA9 | Q54: 615 | R54: 641 | S54: KETINEEAA | T54: KETINEEAA | U54: 0 | V54: 0 | W54: 0 | X54: TRUE
A55: ETINEEAAEW | B55: ETINEEAAEW | C55: Gag | D55: 203 | E55: 212 | F55: p24(71-80) | G55: 1396..1425 | I55: human | J55: A*2501 | K55: 1396 | L55: 1425 | M55: A2501_Gag_EW10 | N55: A25_Gag_EW10 | O55: original name should be A25_Gag_EW10 | P55: A2501_Gag_EW10 | Q55: 618 | R55: 647 | S55: ETINEEAAEW | T55: ETINEEAAEW | U55: 0 | V55: 0 | W55: 0 | X55: TRUE
A56: AEWDRVHPV | B56: AEWDRVHPV | C56: Gag | D56: 210 | E56: 218 | F56: p24(78-86) | G56: 1417..1443 | I56: human | J56: B*4002 | K56: 1417 | L56: 1443 | M56: B4002_Gag_AV9 | N56: #N/A | O56: original name should be B40_Gag_AV9 | P56: B4002_Gag_AV9 | Q56: 639 | R56: 665 | S56: AEWDRLHPV | T56: AEWDRVHPV | U56: 1 | V56: 0 | W56: 1 | X56: TRUE
A57: HPVHAGPIA | B57: HPVHAGPIA | C57: Gag | D57: 216 | E57: 224 | G57: 1435..1461 | I57: human | J57: B*07, B*3542 | K57: 1435 | L57: 1461 | M57: B07_Gag_HA9 | N57: B07_Gag_HA9 | O57: Additional_Epitopes_20240410_CladeB | P57: B07_Gag_HA9 | Q57: 657 | R57: 683 | S57: HPVHAGPIA | T57: HPVHAGPIA | U57: 0 | V57: 0 | W57: 0 | X57: TRUE
A58: HPVHAGPIA | B58: HPVHAGPIA | C58: Gag | D58: 216 | E58: 224 | F58: p24(84-92) | G58: 1435..1461 | I58: human | J58: B*3501, B*07 | K58: 1435 | L58: 1461 | M58: B3501_Gag_HA9 | N58: B35_Gag_HA9 | O58: original name should be B35_Gag_HA9 | P58: B3501_Gag_HA9 | Q58: 657 | R58: 683 | S58: HPVHAGPIA | T58: HPVHAGPIA | U58: 0 | V58: 0 | W58: 0 | X58: TRUE
A59: GQMREPRGSDI | B59: GQMREPRGSDI | C59: Gag | D59: 226 | E59: 236 | F59: p24(94-104) | G59: 1465..1497 | I59: human | J59: B*13 | K59: 1465 | L59: 1497 | M59: B13_Gag_GI11 | N59: B13_Gag_GI11 | O59: original name should be B13_Gag_GI11 | P59: B13_Gag_GI11 | Q59: 687 | R59: 719 | S59: GQMREPRGSDI | T59: GQMREPRGSDI | U59: 0 | V59: 0 | W59: 0 | X59: TRUE
A60: TSTLQEQIGW | B60: TSTLQEQIGW | C60: Gag | D60: 240 | E60: 249 | F60: p24(108-117) | G60: 1507..1536 | H60: B | I60: human | J60: B*5701, B*5801, B*5703 | K60: 1507 | L60: 1536 | M60: B5701_Gag_TW10 | N60: B57_Gag_TW10 | O60: original name should be B57_Gag_TW10 | P60: B5701_Gag_TW10 | Q60: 729 | R60: 758 | S60: TSTLQEQIGW | T60: TSTLQEQIGW | U60: 0 | V60: 0 | W60: 0 | X60: TRUE
A61: TSTLQEQIGW | B61: TSTLQEQIGW | C61: Gag | D61: 240 | E61: 249 | G61: 1507..1536 | I61: human | J61: B*5801 | K61: 1507 | L61: 1536 | M61: B58_Gag_TQW10 | N61: B58_Gag_TQW10 | O61: Additional_Epitopes_20240410_CladeB | P61: B5801_Gag_TW10 | Q61: 729 | R61: 758 | S61: TSTLQEQIGW | T61: TSTLQEQIGW | U61: 0 | V61: 0 | W61: 0 | X61: TRUE
A62: NPPIPVGDIY | B62: NPPIPVGDIY | C62: Gag | D62: 253 | E62: 262 | F62: p24(121-130) | G62: 1546..1575 | I62: human | J62: B*3501, B*3542 | K62: 1546 | L62: 1575 | M62: B3501_Gag_NY10 | N62: B35_Gag_NQY10 | O62: original name should be B35_Gag_NY10 | P62: B3501_Gag_NY10 | Q62: 768 | R62: 797 | S62: NPPIPVGEIY | T62: NPPIPVGEIY | U62: 1 | V62: 1 | W62: 0 | X62: FALSE
A63: PPIPVGDIY | B63: PPIPVGDIY | C63: Gag | D63: 254 | E63: 262 | F63: p24(122-130) | G63: 1549..1575 | H63: B | I63: human | J63: B*3501 | K63: 1549 | L63: 1575 | M63: B3501_Gag_PY9 | N63: B35_Gag_PY9 | O63: original name should be B35_Gag_PY9 | P63: B3501_Gag_PY9 | Q63: 771 | R63: 797 | S63: PPIPVGEIY | T63: PPIPVGEIY | U63: 1 | V63: 1 | W63: 0 | X63: FALSE
A64: EIYKRWII | B64: EIYKRWII | C64: Gag | D64: 260 | E64: 267 | F64: p24(128-135) | G64: 1567..1590 | H64: B | I64: human | J64: B*0801 | K64: 1567 | L64: 1590 | M64: B0801_Gag_EI8 | N64: B08_Gag_EI8 | O64: FINE | P64: B0801_Gag_EI8 | Q64: 789 | R64: 812 | S64: EIYKRWII | T64: EIYKRWII | U64: 0 | V64: 0 | W64: 0 | X64: TRUE
A65: RRWIQLGLQK | B65: RRWIQLGLQK | C65: Gag | D65: 263 | E65: 272 | F65: p24(131-140) | G65: 1576..1605 | I65: human | J65: B*2703 | K65: 1576 | L65: 1605 | M65: B2703_Gag_RK10 | N65: B27_Gag_RK10 | O65: original name should be B27_Gag_RK10 | P65: B2703_Gag_RK10 | Q65: 798 | R65: 827 | S65: KRWIILGLNK | T65: KRWIILGLNK | U65: 3 | V65: 3 | W65: 0 | X65: FALSE
A66: KRWIILGLNK | B66: KRWIILGLNK | C66: Gag | D66: 263 | E66: 272 | F66: p24(131-140) | G66: 1576..1605 | H66: B | I66: human | J66: B*2705 | K66: 1576 | L66: 1605 | M66: B2705_Gag_KK10 | N66: B27_Gag_RK10 | O66: original name should be B27_Gag_KK10 | P66: B2705_Gag_KK10 | Q66: 798 | R66: 827 | S66: KRWIILGLNK | T66: KRWIILGLNK | U66: 0 | V66: 0 | W66: 0 | X66: TRUE
A67: GLNKIVRMY | B67: GLNKIVRMY | C67: Gag | D67: 269 | E67: 277 | F67: p24(137-145) | G67: 1594..1620 | H67: B | I67: human | J67: B*1501, B*62 | K67: 1594 | L67: 1620 | M67: B1501_Gag_GY9 | N67: B1501_Gag_GY9 | O67: original name should be B15_Gag_GY9 | P67: B1501_Gag_GY9 | Q67: 816 | R67: 842 | S67: GLNKIVRMY | T67: GLNKIVRMY | U67: 0 | V67: 0 | W67: 0 | X67: TRUE
A68: GLNKIVRMY | B68: GLNKIVRMY | C68: Gag | D68: 269 | E68: 277 | G68: 1594..1620 | H68: B | I68: human | J68: B*62 | K68: 1594 | L68: 1620 | M68: B62_Gag_GY9 | N68: #N/A | O68: original name should be B62_Gag_GY9 | P68: B62_Gag_GY9 | Q68: 816 | R68: 842 | S68: GLNKIVRMY | T68: GLNKIVRMY | U68: 0 | V68: 0 | W68: 0 | X68: TRUE
A69: VRMYSPVSI | B69: VRMYSPVSI | C69: Gag | D69: 274 | E69: 282 | F69: p24(142-150) | G69: 1609..1635 | I69: human | J69: B*14, Cw*18 | K69: 1609 | L69: 1635 | M69: B14_Gag_VI9 | N69: B14_Gag_VI9 | O69: original name should be B14_Gag_VI9 | P69: B14_Gag_VI9 | Q69: 831 | R69: 857 | S69: VRMYSPTSI | T69: VRMYSPTSI | U69: 1 | V69: 1 | W69: 0 | X69: FALSE
A70: VRMYSPTSI | B70: VRMYSPTSI | C70: Gag | D70: 274 | E70: 282 | G70: 1609..1635 | I70: human | J70: Cw*18 | K70: 1609 | L70: 1635 | M70: Cw18_Gag_VI9 | N70: Cw18_Gag_VI9 | O70: Additional_Epitopes_20240410_CladeB | P70: Cw18_Gag_VI9 | Q70: 831 | R70: 857 | S70: VRMYSPTSI | T70: VRMYSPTSI | U70: 1 | V70: 1 | W70: 0 | X70: TRUE
A71: RMYSPTSI | B71: RMYSPTSI | C71: Gag | D71: 275 | E71: 282 | F71: p24(143-150) | G71: 1612..1635 | I71: human | J71: B*5201 | K71: 1612 | L71: 1635 | M71: B5201_Gag_RI8 | N71: B52_Gag_RI8 | O71: FINE | P71: B5201_Gag_RI8 | Q71: 834 | R71: 857 | S71: RMYSPTSI | T71: RMYSPTSI | U71: 0 | V71: 0 | W71: 0 | X71: TRUE
A72: YSPVSILDI | B72: YSPVSILDI | C72: Gag | D72: 277 | E72: 285 | F72: p24(145-153) | G72: 1618..1644 | H72: CRF01_A | I72: human | J72: Cw*0102 | K72: 1618 | L72: 1644 | M72: Cw0102_Gag_YI9 | N72: Cw01_Gag_YI9 | O72: original name should be Cw01_Gag_YI9 | P72: Cw0102_Gag_YI9 | Q72: 840 | R72: 866 | S72: YSPTSILDI | T72: YSPTSILDI | U72: 1 | V72: 1 | W72: 0 | X72: FALSE
A73: FRDYVDRFF | B73: FRDYVDRFF | C73: Gag | D73: 293 | E73: 301 | F73: p24(161-169) | G73: 1666..1692 | I73: human | J73: Cw*18 | K73: 1666 | L73: 1692 | M73: Cw18_Gag_FF9 | N73: Cw18_Gag_FF9 | O73: original name should be Cw18_Gag_FF9 | P73: Cw18_Gag_FF9 | Q73: 888 | R73: 914 | S73: FRDYVDRFY | T73: FRDYVDRFY | U73: 1 | V73: 1 | W73: 0 | X73: FALSE
A74: FRDYVDRFYK | B74: FRDYVDRFYK | C74: Gag | D74: 293 | E74: 302 | F74: p24(161-170) | G74: 1666..1695 | H74: B, D | I74: human | J74: B*1801 | K74: 1666 | L74: 1695 | M74: B1801_Gag_FK10 | N74: B18_Gag_FK10 | O74: FINE | P74: B1801_Gag_FK10 | Q74: 888 | R74: 917 | S74: FRDYVDRFYK | T74: FRDYVDRFYK | U74: 0 | V74: 0 | W74: 0 | X74: TRUE
A75: RDYVDRFYKTL | B75: RDYVDRFYKTL | C75: Gag | D75: 294 | E75: 304 | F75: p24(162-172) | G75: 1669..1701 | H75: B | I75: human | J75: B*4402 | K75: 1669 | L75: 1701 | M75: A2402_Gag_RL11 | N75: A24_Gag_RL11 | O75: original name should be A24_Gag_RL11 | P75: B4402_Gag_RL11 | Q75: 891 | R75: 923 | S75: RDYVDRFYKTL | T75: RDYVDRFYKTL | U75: 0 | V75: 0 | W75: 0 | X75: TRUE
A76: RDYVDRFFKTL | B76: RDYVDRFFKTL | C76: Gag | D76: 294 | E76: 304 | F76: p24(162-172) | G76: 1669..1701 | H76: A | I76: human | J76: A*2402 | K76: 1669 | L76: 1701 | M76: A2402_Gag_RFL11 | P76: A2402_Gag_RFL11 | Q76: 891 | R76: 923 | S76: RDYVDRFYKTL | T76: RDYVDRFYKTL
A77: YVDRFYKTL | B77: YVDRFYKTL | C77: Gag | D77: 296 | E77: 304 | F77: p24(164-172) | G77: 1675..1701 | I77: human | J77: A*0207, A*0202, A*0201 | K77: 1675 | L77: 1701 | M77: A0207_Gag_YL9 | N77: A02_Gag_YL9 | O77: original should be A02_Gag_YL9 | P77: A0207_Gag_YL9 | Q77: 897 | R77: 923 | S77: YVDRFYKTL | T77: YVDRFYKTL | U77: 0 | V77: 0 | W77: 0 | X77: TRUE
A78: YVDRFFKTL | B78: YVDRFFKTL | C78: Gag | D78: 296 | E78: 304 | F78: p24(164-172) | G78: 1675..1701 | I78: human | J78: B*1503, Cw*0303, Cw*0304 | K78: 1675 | L78: 1701 | M78: B1503_Gag_YL9 | N78: B1503_Gag_YL9 | O78: original name should be B15_Gag_YL9 | P78: B1503_Gag_YL9 | Q78: 897 | R78: 923 | S78: YVDRFYKTL | T78: YVDRFYKTL | U78: 1 | V78: 1 | W78: 0 | X78: FALSE
A79: YVDRFFKTL | B79: YVDRFFKTL | C79: Gag | D79: 296 | E79: 304 | G79: 1675..1701 | I79: human | J79: Cw*0303, Cw*0304 | K79: 1675 | L79: 1701 | M79: Cw03_Gag_YL9 | N79: Cw03_Gag_YL9 | O79: original name should be Cw03_Gag_YL9 | P79: Cw0303_Gag_YL9 | Q79: 897 | R79: 923 | S79: YVDRFYKTL | T79: YVDRFYKTL | U79: 1 | V79: 1 | W79: 0 | X79: FALSE
A80: DRFYKTLRA | B80: DRFYKTLRA | C80: Gag | D80: 298 | E80: 306 | F80: p24(166-174) | G80: 1681..1707 | H80: B | I80: human | J80: B*1402, B*1401 | K80: 1681 | L80: 1707 | M80: B1402_Gag_DA9 | N80: B14_Gag_DA9 | O80: original name should be B14_Gag_DA9 | P80: B1402_Gag_DA9 | Q80: 903 | R80: 929 | S80: DRFYKTLRA | T80: DRFYKTLRA | U80: 0 | V80: 0 | W80: 0 | X80: TRUE
A81: AEQASQDVKNW | B81: AEQASQDVKNW | C81: Gag | D81: 306 | E81: 316 | F81: p24(174-184) | G81: 1705..1737 | H81: B | I81: human | J81: B*4402, B*4403 | K81: 1705 | L81: 1737 | M81: B4402_Gag_AW11 | N81: B44_Gag_AW11 | O81: FINE | P81: B4402_Gag_AW11 | Q81: 927 | R81: 959 | S81: AEQASQEVKNW | T81: AEQASQEVKNW | U81: 1 | V81: 1 | W81: 0 | X81: FALSE
A82: AEQASQEVKNWM | B82: AEQASQEVKNWM | C82: Gag | D82: 306 | E82: 317 | F82: p24(174-185) | G82: 1705..1740 | I82: human | J82: Cw*05 | K82: 1705 | L82: 1740 | M82: Cw5_Gag_AM12 | N82: #N/A | O82: original name should change to Cw5_Gag_AM12 | P82: Cw5_Gag_AM12 | Q82: 927 | R82: 962 | S82: AEQASQEVKNWM | T82: AEQASQEVKNWM | U82: 0 | V82: 0 | W82: 0 | X82: TRUE
A83: QASQEVKNW | B83: QASQEVKNW | C83: Gag | D83: 308 | E83: 316 | F83: p24(176-184) | G83: 1711..1737 | H83: B | I83: human | J83: B*5301, B*5701, B*5801, B*5703 | K83: 1711 | L83: 1737 | M83: B5301_Gag_QW9 | N83: B53_Gag_QW9 | O83: FINE | P83: B5301_Gag_QW9 | Q83: 933 | R83: 959 | S83: QASQEVKNW | T83: QASQEVKNW | U83: 0 | V83: 0 | W83: 0 | X83: TRUE
A84: QASQEVKNW | B84: QASQEVKNW | C84: Gag | D84: 308 | E84: 316 | G84: 1711..1737 | I84: human | J84: B*5701 | K84: 1711 | L84: 1737 | M84: B57_Gag_QW9 | N84: B57_Gag_QW9 | O84: Additional_Epitopes_20240410_CladeB | P84: B5701_Gag_QW9 | Q84: 933 | R84: 959 | S84: QASQEVKNW | T84: QASQEVKNW | U84: 0 | V84: 0 | W84: 0 | X84: TRUE
A85: QASQEVKNW | B85: QASQEVKNW | C85: Gag | D85: 308 | E85: 316 | G85: 1711..1737 | I85: human | J85: B*5801 | K85: 1711 | L85: 1737 | M85: B58_Gag_QW9 | N85: B58_Gag_QW9 | O85: Additional_Epitopes_20240410_CladeB | P85: B5801_Gag_QW9 | Q85: 933 | R85: 959 | S85: QASQEVKNW | T85: QASQEVKNW | U85: 0 | V85: 0 | W85: 0 | X85: TRUE
A86: VKNWMTETL | B86: VKNWMTETL | C86: Gag | D86: 313 | E86: 321 | F86: p24(181-189) | G86: 1726..1752 | H86: B | I86: human | J86: B*4801 | K86: 1726 | L86: 1752 | M86: B4801_Gag_VL9 | N86: #N/A | O86: original name should be B48_Gag_VL9 | P86: B4801_Gag_VL9 | Q86: 948 | R86: 974 | S86: VKNWMTETL | T86: VKNWMTETL | U86: 0 | V86: 0 | W86: 0 | X86: TRUE
A87: DCKTILKAL | B87: DCKTILKAL | C87: Gag | D87: 329 | E87: 337 | F87: p24(197-205) | G87: 1774..1800 | H87: B | I87: human | J87: B*0801 | K87: 1774 | L87: 1800 | M87: B0801_Gag_DL9 | N87: B08_Gag_DL9 | O87: original name should be B08_Gag_DL9 | P87: B0801_Gag_DL9 | Q87: 996 | R87: 1022 | S87: DCKTILKAL | T87: DCKTILKAL | U87: 0 | V87: 0 | W87: 0 | X87: TRUE
A88: ACQGVGGPGHK | B88: ACQGVGGPGHK | C88: Gag | D88: 349 | E88: 359 | F88: p24(217-227) | G88: 1834..1866 | I88: human | J88: A*1101 | K88: 1834 | L88: 1866 | M88: A1101_Gag_AK11 | N88: A11_Gag_AK11 | O88: FINE | P88: A1101_Gag_AK11 | Q88: 1056 | R88: 1088 | S88: ACQGVGGPGHK | T88: ACQGVGGPGHK | U88: 0 | V88: 0 | W88: 0 | X88: TRUE
A89: GVGGPGHK | B89: GVGGPGHK | C89: Gag | G89: 1843..1866 | I89: human | J89: A*11 | K89: 1843 | L89: 1866 | M89: A11_Gag_GK8 | N89: A11_Gag_GK8 | O89: Additional_Epitopes_20240410_CladeB | P89: A11_Gag_GK8 | Q89: 1065 | R89: 1088 | S89: GVGGPGHK | T89: GVGGPGHK | W89: 0 | X89: TRUE
A90: GPGHKARVL | B90: GPGHKARVL | C90: Gag | D90: 355 | E90: 363 | F90: p24(223-231) | G90: 1852..1878 | H90: B | I90: human | J90: B*0702 | K90: 1852 | L90: 1878 | M90: B0702_Gag_GL9 | N90: B07_Gag_GL9 | O90: original name should be B07_Gag_GL9 | P90: B0702_Gag_GL9 | Q90: 1074 | R90: 1100 | S90: GPGHKARVL | T90: GPGHKARVL | U90: 0 | V90: 0 | W90: 0 | X90: TRUE
A91: VLAEAMSQV | B91: VLAEAMSQV | C91: Gag | G91: 1873..1899 | I91: human | J91: A*02, A*0201, A*0205 | K91: 1873 | L91: 1899 | M91: A02_Gag_VV9 | N91: A02_Gag_VV9 | O91: Additional_Epitopes_20240410_CladeB | P91: A02_Gag_VV9 | Q91: 1095 | R91: 1121 | S91: VLAEAMSQV | T91: VLAEAMSQV | W91: 0 | X91: TRUE
A92: AEAMSQVTNS | B92: AEAMSQVTNS | C92: Gag | D92: 364 | E92: 373 | F92: p2p7p1p6(1-10) | G92: 1879..1908 | I92: human | J92: B*4501 | K92: 1879 | L92: 1908 | M92: B4501_Gag_AS10 | N92: B45_Gag_AS10 | O92: FINE | P92: B4501_Gag_AS10 | Q92: 1101 | R92: 1130 | S92: AEAMSQVTNS | T92: AEAMSQVTNS | U92: 0 | V92: 0 | W92: 0 | X92: TRUE
A93: QRGNFRNQRK | B93: QRGNFRNQRK | C93: Gag | G93: 1924..1953 | I93: human | J93: B*27 | K93: 1924 | L93: 1953 | M93: B27_Gag_QK10 | N93: B27_Gag_QK10 | O93: Additional_Epitopes_20240410_CladeB | P93: B27_Gag_QK10 | Q93: 1146 | R93: 1175 | S93: QRGNFRNQRK | T93: QRGNFRNQRK | W93: 0 | X93: TRUE
A94: FRNQRKIVK | B94: FRNQRKIVK | C94: Gag | G94: 1936..1962 | I94: human | J94: B*27 | K94: 1936 | L94: 1962 | M94: B27_Gag_FK9 | N94: B27_Gag_FK9 | O94: Additional_Epitopes_20240410_CladeB | P94: B27_Gag_FK9 | Q94: 1158 | R94: 1184 | S94: FRNQRKTVK | T94: FRNQRKIVK | W94: 1 | X94: TRUE
A95: CRAPRKKGC | B95: CRAPRKKGC | C95: Gag | D95: 405 | E95: 413 | F95: p2p7p1p6(42-50) | G95: 2002..2028 | I95: human | J95: B*14 | K95: 2002 | L95: 2028 | M95: B14_Gag_CC9 | N95: B14_Gag_CC9 | O95: original name should be B14_Gag_CC9 | P95: B14_Gag_CC9 | Q95: 1224 | R95: 1250 | S95: CRAPRKKGC | T95: CRAPRKKGC | U95: 0 | V95: 0 | W95: 0 | X95: TRUE
A96: APRKKGCWK | B96: APRKKGCWK | C96: Gag | D96: 407 | E96: 415 | G96: 2008..2034 | I96: human | J96: B*0702 | K96: 2008 | L96: 2034 | M96: B0702_Gag_AK9 | N96: B0702_Gag_AK9 | O96: Additional_Epitopes_20240410_CladeB | P96: B0702_Gag_AK9 | Q96: 1230 | R96: 1256 | S96: APRKKGCWK | T96: APRKKGCWK | W96: 0 | X96: TRUE
A97: TERQANFL | B97: TERQANFL | C97: Gag | D97: 427 | E97: 434 | F97: p2p7p1p6(64-71) | G97: 2068..2091 | I97: human | J97: B*4002 | K97: 2068 | L97: 2091 | M97: B4002_Gag_TL8 | N97: #N/A | O97: original name should be B40_Gag_TL8 | P97: B4002_Gag_TL8 | Q97: 1290 | R97: 1313 | S97: TERQANFL | T97: TERQANFL | U97: 0 | V97: 0 | W97: 0 | X97: TRUE
A98: RQANFLGKI | B98: RQANFLGKI | C98: Gag | D98: 429 | E98: 437 | G98: 2074..2100 | I98: human | J98: B*13, B*5101, B*5108, B*1302 | K98: 2074 | L98: 2100 | M98: B13_Gag_RI9 | N98: B13_Gag_RI9 | O98: Additional_Epitopes_20240410_CladeB | P98: B13_Gag_RI9 | Q98: 1296 | R98: 1322 | S98: RQANFLGKI | T98: RQANFLGKI | U98: 0 | V98: 0 | W98: 0 | X98: TRUE
A99: RQANFLGKI | B99: RQANFLGKI | C99: Gag | D99: 429 | E99: 437 | F99: p2p7p1p6(66-74) | G99: 2074..2100 | H99: B | I99: human | J99: B*4801, B*13 | K99: 2074 | L99: 2100 | M99: B4801_Gag_RI9 | N99: #N/A | O99: original name should be B48_Gag_RI9 | P99: B4801_Gag_RI9 | Q99: 1296 | R99: 1322 | S99: RQANFLGKI | T99: RQANFLGKI | U99: 0 | V99: 0 | W99: 0 | X99: TRUE
A100: FLGKIWPSYK | B100: FLGKIWPSYK | C100: Gag | D100: 433 | E100: 442 | F100: p2p7p1p6(70-79) | G100: 2086..2115 | I100: human | J100: A*0201 | K100: 2086 | L100: 2115 | M100: A0201_Gag_FK10 | N100: A02_Gag_FK10 | O100: original name should be A02_Gag_FK10 | P100: A0201_Gag_FK10 | Q100: 1308 | R100: 1337 | S100: FLGKIWPSHK | T100: FLGKIWPSYK | U100: 1 | V100: 0 | W100: 1 | X100: TRUE
...

Sheet ASublist_HXB2_20240606
A1: ='All Epitope Lists'!$P2 -> B4002_Gag_GI9 | B1: ='All Epitope Lists'!$K2 -> 820 | C1: ='All Epitope Lists'!$L2 -> 846
A2: ='All Epitope Lists'!$P3 -> B40_Gag_DG11 | B2: ='All Epitope Lists'!$K3 -> 829 | C2: ='All Epitope Lists'!$L3 -> 861
A3: ='All Epitope Lists'!$P4 -> A0301_Gag_KK9 | B3: ='All Epitope Lists'!$K4 -> 841 | C3: ='All Epitope Lists'!$L4 -> 867
A4: ='All Epitope Lists'!$P5 -> B2705_Gag_IK9 | B4: ='All Epitope Lists'!$K5 -> 844 | C4: ='All Epitope Lists'!$L5 -> 870
A5: ='All Epitope Lists'!$P6 -> A0301_Gag_RK9 | B5: ='All Epitope Lists'!$K6 -> 847 | C5: ='All Epitope Lists'!$L6 -> 873
A6: ='All Epitope Lists'!$P7 -> A0301_Gag_RY10 | B6: ='All Epitope Lists'!$K7 -> 847 | C6: ='All Epitope Lists'!$L7 -> 876
A7: ='All Epitope Lists'!$P8 -> B0702_Gag_RK9 | B7: ='All Epitope Lists'!$K8 -> 853 | C7: ='All Epitope Lists'!$L8 -> 879
A8: ='All Epitope Lists'!$P9 -> B5101_Gag_RL10 | B8: ='All Epitope Lists'!$K9 -> 853 | C8: ='All Epitope Lists'!$L9 -> 882
A9: ='All Epitope Lists'!$P10 -> B0801_Gag_GL8 | B9: ='All Epitope Lists'!$K10 -> 859 | C9: ='All Epitope Lists'!$L10 -> 882
A10: ='All Epitope Lists'!$P11 -> B0801_Gag_GK9 | B10: ='All Epitope Lists'!$K11 -> 859 | C10: ='All Epitope Lists'!$L11 -> 885
A11: ='All Epitope Lists'!$P12 -> A2402_Gag_KW9 | B11: ='All Epitope Lists'!$K12 -> 871 | C11: ='All Epitope Lists'!$L12 -> 897
A12: ='All Epitope Lists'!$P13 -> Cw0804_Gag_HL9 | B12: ='All Epitope Lists'!$K13 -> 886 | C12: ='All Epitope Lists'!$L13 -> 912
... A142: ='All Epitope Lists'!$P143 -> A0201_Pol_VV11 | B142: ='All Epitope Lists'!$K143 -> 3084 | C142: ='All Epitope Lists'!$L143 -> 3116
A143: ='All Epitope Lists'!$P145 -> B4001_Pol_IL9 | B143: ='All Epitope Lists'!$K145 -> 3153 | C143: ='All Epitope Lists'!$L145 -> 3179
A144: ='All Epitope Lists'!$P146 -> B5701_Pol_IW9 | B144: ='All Epitope Lists'!$K146 -> 3279 | C144: ='All Epitope Lists'!$L146 -> 3305
A145: ='All Epitope Lists'!$P147 -> B1501_Pol_LY12 | B145: ='All Epitope Lists'!$K147 -> 3327 | C145: ='All Epitope Lists'!$L147 -> 3362
A146: ='All Epitope Lists'!$P148 -> A3002_Pol_KIY9 | B146: ='All Epitope Lists'!$K148 -> 3336 | C146: ='All Epitope Lists'!$L148 -> 3362
A147: ='All Epitope Lists'!$P149 -> A0301_Pol_QR9 | B147: ='All Epitope Lists'!$K149 -> 3354 | C147: ='All Epitope Lists'!$L149 -> 3380
A148: ='All Epitope Lists'!$P150 -> B4201_Pol_YL9 | B148: ='All Epitope Lists'!$K150 -> 3360 | C148: ='All Epitope Lists'!$L150 -> 3386
A149: ='All Epitope Lists'!$P151 -> B3501_Pol_IL9 | B149: ='All Epitope Lists'!$K151 -> 3426 | C149: ='All Epitope Lists'!$L151 -> 3452
A150: ='All Epitope Lists'!$P152 -> B5101_Pol_IL9 | B150: ='All Epitope Lists'!$K152 -> 3426 | C150: ='All Epitope Lists'!$L152 -> 3452
A151: ='All Epitope Lists'!$P153 -> A0201_Pol_IV9 | B151: ='All Epitope Lists'!$K153 -> 3474 | C151: ='All Epitope Lists'!$L153 -> 3500
A152: ='All Epitope Lists'!$P154 -> B1501_Pol_IY10 | B152: ='All Epitope Lists'!$K154 -> 3474 | C152: ='All Epitope Lists'!$L154 -> 3503
A153: ='All Epitope Lists'!$P155 -> Cw1202_Pol_IY10 | B153: ='All Epitope Lists'!$K155 -> 3474 | C153: ='All Epitope Lists'!$L155 -> 3503
A154: ='All Epitope Lists'!$P156 -> A24_Pol_VL9 | B154: ='All Epitope Lists'!$K156 -> 3498 | C154: ='All Epitope Lists'!$L156 -> 3525
... A223: ='All Epitope Lists'!$P225 -> B53_Tat_EW10 | B223: ='All Epitope Lists'!$K225 -> 5834 | C223: ='All Epitope Lists'!$L225 -> 5863
A224: ='All Epitope Lists'!#REF! -> #REF! | B224: ='All Epitope Lists'!#REF! -> #REF! | C224: ='All Epitope Lists'!#REF! -> #REF!
A225: ='All Epitope Lists'!$P226 -> Cw12_Tat_CC8 | B225: ='All Epitope Lists'!$K226 -> 5918 | C225: ='All Epitope Lists'!$L226 -> 5941
A226: ='All Epitope Lists'!$P227 -> B1503_Tat_FY10 | B226: ='All Epitope Lists'!$K227 -> 5942 | C226: ='All Epitope Lists'!$L227 -> 5971
A227: ='All Epitope Lists'!$P228 -> A6801_Tat_IR11 | B227: ='All Epitope Lists'!$K228 -> 5945 | C227: ='All Epitope Lists'!$L228 -> 5977
A228: ='All Epitope Lists'!$P229 -> B4402_Rev_EL9 | B228: ='All Epitope Lists'!$K229 -> 5997 | C228: ='All Epitope Lists'!$L229 -> 6023
A229: ='All Epitope Lists'!$P230 -> B5701_Rev_KY10 | B229: ='All Epitope Lists'!$K230 -> 6009 | C229: ='All Epitope Lists'!$L230 -> 6038
A230: ='All Epitope Lists'!$P231 -> B5703_Rev_QY10 | B230: ='All Epitope Lists'!$K231 -> 6009 | C230: ='All Epitope Lists'!$L231 -> 6038
A231: ='All Epitope Lists'!$P232 -> B5801_Rev_KY10 | B231: ='All Epitope Lists'!$K232 -> 6009 | C231: ='All Epitope Lists'!$L232 -> 6038
A232: ='All Epitope Lists'!$P233 -> B63_Rev_KY10 | B232: ='All Epitope Lists'!$K233 -> 6009 | C232: ='All Epitope Lists'!$L233 -> 6038
A233: ='All Epitope Lists'!$P234 -> Cw18_Vpu_YI9 | B233: ='All Epitope Lists'!$K234 -> 6074 | C233: ='All Epitope Lists'!$L234 -> 6100
A234: ='All Epitope Lists'!$P235 -> A3303_Vpu_ER9 | B234: ='All Epitope Lists'!$K235 -> 6146 | C234: ='All Epitope Lists'!$L235 -> 6172
A235: ='All Epitope Lists'!$P236 -> B0801_gp160_RL9 | B235: ='All Epitope Lists'!$K236 -> 6228 | C235: ='All Epitope Lists'!$L236 -> 6254
A236: ='All Epitope Lists'!$P237 -> B1801_gp160_AY9 | B236: ='All Epitope Lists'!$K237 -> 6315 | C236: ='All Epitope Lists'!$L237 -> 6341
... A311: ='All Epitope Lists'!$P312 -> A0205_Nef_GL9 | B311: ='All Epitope Lists'!$K312 -> 9043 | C311: ='All Epitope Lists'!$L312 -> 9069
A312: ='All Epitope Lists'!#REF! -> #REF! | B312: ='All Epitope Lists'!#REF! -> #REF! | C312: ='All Epitope Lists'!#REF! -> #REF!
A313: ='All Epitope Lists'!$P313 -> B5703_Nef_AL9 | B313: ='All Epitope Lists'!$K313 -> 9043 | C313: ='All Epitope Lists'!$L313 -> 9069
A314: ='All Epitope Lists'!$P314 -> B58_Nef_AL9 | B314: ='All Epitope Lists'!$K314 -> 9043 | C314: ='All Epitope Lists'!$L314 -> 9069
A315: ='All Epitope Lists'!$P315 -> Cw0802_Nef_AL9 | B315: ='All Epitope Lists'!$K315 -> 9043 | C315: ='All Epitope Lists'!$L315 -> 9069
A316: ='All Epitope Lists'!$P316 -> Cw3_Nef_AL9 | B316: ='All Epitope Lists'!$K316 -> 9043 | C316: ='All Epitope Lists'!$L316 -> 9069
A317: ='All Epitope Lists'!$P317 -> A0301_Nef_AK9 | B317: ='All Epitope Lists'!$K317 -> 9046 | C317: ='All Epitope Lists'!$L317 -> 9072
A318: ='All Epitope Lists'!$P318 -> A1101_Nef_AK9 | B318: ='All Epitope Lists'!$K318 -> 9046 | C318: ='All Epitope Lists'!$L318 -> 9072
A319: ='All Epitope Lists'!$P319 -> B0801_Nef_FL8 | B319: ='All Epitope Lists'!$K319 -> 9064 | C319: ='All Epitope Lists'!$L319 -> 9087
A320: ='All Epitope Lists'!$P320 -> B4001_Nef_KL9 | B320: ='All Epitope Lists'!$K320 -> 9070 | C320: ='All Epitope Lists'!$L320 -> 9096
A321: ='All Epitope Lists'!$P321 -> B4403_Nef_KY11 | B321: ='All Epitope Lists'!$K321 -> 9070 | C321: ='All Epitope Lists'!$L321 -> 9102
A322: ='All Epitope Lists'!$P322 -> B2705_Nef_RI10 | B322: ='All Epitope Lists'!$K322 -> 9109 | C322: ='All Epitope Lists'!$L322 -> 9138
A323: ='All Epitope Lists'!$P323 -> B18_Nef_RY11 | B323: ='All Epitope Lists'!$K323 -> 9109 | C323: ='All Epitope Lists'!$L323 -> 9141
A324: ='All Epitope Lists'!$P324 -> Cw07_Nef_RY11 | B324: ='All Epitope Lists'!$K324 -> 9109 | C324: ='All Epitope Lists'!$L324 -> 9141
... A334: ='All Epitope Lists'!$P334 -> C02_Nef_GY9 | B334: ='All Epitope Lists'!$K334 -> 9151 | C334: ='All Epitope Lists'!$L334 -> 9177
A335: ='All Epitope Lists'!$P336 -> A29_Nef_YT9 | B335: ='All Epitope Lists'!$K336 -> 9154 | C335: ='All Epitope Lists'!$L336 -> 9180
A336: ='All Epitope Lists'!$P337 -> B35_Nef_YT9 | B336: ='All Epitope Lists'!$K337 -> 9154 | C336: ='All Epitope Lists'!$L337 -> 9180
A337: ='All Epitope Lists'!$P338 -> Cw6_Nef_YT9 | B337: ='All Epitope Lists'!$K338 -> 9154 | C337: ='All Epitope Lists'!$L338 -> 9180
A338: ='All Epitope Lists'!$P339 -> B5401_Nef_FP9 | B338: ='All Epitope Lists'!$K339 -> 9157 | C338: ='All Epitope Lists'!$L339 -> 9183
A339: ='All Epitope Lists'!$P340 -> A2402_Nef_NY10 | B339: ='All Epitope Lists'!$K340 -> 9172 | C339: ='All Epitope Lists'!$L340 -> 9201
A340: ='All Epitope Lists'!$P341 -> B57_Nef_YY9 | B340: ='All Epitope Lists'!$K341 -> 9175 | C340: ='All Epitope Lists'!$L341 -> 9201
A341: ='All Epitope Lists'!$P342 -> B63_Nef_YY9 | B341: ='All Epitope Lists'!$K342 -> 9175 | C341: ='All Epitope Lists'!$L342 -> 9201
A342: ='All Epitope Lists'!$P343 -> B0702_Nef_TL10 | B342: ='All Epitope Lists'!$K343 -> 9178 | C342: ='All Epitope Lists'!$L343 -> 9207
A343: ='All Epitope Lists'!$P344 -> B4201_Nef_TL10 | B343: ='All Epitope Lists'!$K344 -> 9178 | C343: ='All Epitope Lists'!$L344 -> 9207
A344: ='All Epitope Lists'!$P345 -> A33_Nef_TW9 | B344: ='All Epitope Lists'!$K345 -> 9193 | C344: ='All Epitope Lists'!$L345 -> 9219
A345: ='All Epitope Lists'!$P346 -> A2402_Nef_RW8 | B345: ='All Epitope Lists'!$K346 -> 9196 | C345: ='All Epitope Lists'!$L346 -> 9219
A346: ='All Epitope Lists'!$P347 -> A2402_Nef_RY10 | B346: ='All Epitope Lists'!$K347 -> 9196 | C346: ='All Epitope Lists'!$L347 -> 9225
... A359: ='All Epitope Lists'!$P360 -> A03_Nef_RR9 | B359: ='All Epitope Lists'!$K360 -> 9358 | C359: ='All Epitope Lists'!$L360 -> 9384

Sheet ASublist_CladeB_20240606
A1: ='All Epitope Lists'!$P2 -> B4002_Gag_GI9 | B1: ='All Epitope Lists'!$Q2 -> 42 | C1: ='All Epitope Lists'!$R2 -> 68
A2: ='All Epitope Lists'!$P3 -> B40_Gag_DG11 | B2: ='All Epitope Lists'!$Q3 -> 51 | C2: ='All Epitope Lists'!$R3 -> 83
A3: ='All Epitope Lists'!$P4 -> A0301_Gag_KK9 | B3: ='All Epitope Lists'!$Q4 -> 63 | C3: ='All Epitope Lists'!$R4 -> 89
A4: ='All Epitope Lists'!$P5 -> B2705_Gag_IK9 | B4: ='All Epitope Lists'!$Q5 -> 66 | C4: ='All Epitope Lists'!$R5 -> 92
A5: ='All Epitope Lists'!$P6 -> A0301_Gag_RK9 | B5: ='All Epitope Lists'!$Q6 -> 69 | C5: ='All Epitope Lists'!$R6 -> 95
A6: ='All Epitope Lists'!$P7 -> A0301_Gag_RY10 | B6: ='All Epitope Lists'!$Q7 -> 69 | C6: ='All Epitope Lists'!$R7 -> 98
A7: ='All Epitope Lists'!$P8 -> B0702_Gag_RK9 | B7: ='All Epitope Lists'!$Q8 -> 75 | C7: ='All Epitope Lists'!$R8 -> 101
A8: ='All Epitope Lists'!$P9 -> B5101_Gag_RL10 | B8: ='All Epitope Lists'!$Q9 -> 75 | C8: ='All Epitope Lists'!$R9 -> 104
A9: ='All Epitope Lists'!$P10 -> B0801_Gag_GL8 | B9: ='All Epitope Lists'!$Q10 -> 81 | C9: ='All Epitope Lists'!$R10 -> 104
A10: ='All Epitope Lists'!$P11 -> B0801_Gag_GK9 | B10: ='All Epitope Lists'!$Q11 -> 81 | C10: ='All Epitope Lists'!$R11 -> 107
A11: ='All Epitope Lists'!$P12 -> A2402_Gag_KW9 | B11: ='All Epitope Lists'!$Q12 -> 93 | C11: ='All Epitope Lists'!$R12 -> 119
A12: ='All Epitope Lists'!$P13 -> Cw0804_Gag_HL9 | B12: ='All Epitope Lists'!$Q13 -> 108 | C12: ='All Epitope Lists'!$R13 -> 134
... A142: ='All Epitope Lists'!$P143 -> A0201_Pol_VV11 | B142: ='All Epitope Lists'!$Q143 -> 2306 | C142: ='All Epitope Lists'!$R143 -> 2338
A143: ='All Epitope Lists'!$P145 -> B4001_Pol_IL9 | B143: ='All Epitope Lists'!$Q145 -> 2375 | C143: ='All Epitope Lists'!$R145 -> 2401
A144: ='All Epitope Lists'!$P146 -> B5701_Pol_IW9 | B144: ='All Epitope Lists'!$Q146 -> 2501 | C144: ='All Epitope Lists'!$R146 -> 2527
A145: ='All Epitope Lists'!$P147 -> B1501_Pol_LY12 | B145: ='All Epitope Lists'!$Q147 -> 2549 | C145: ='All Epitope Lists'!$R147 -> 2584
A146: ='All Epitope Lists'!$P148 -> A3002_Pol_KIY9 | B146: ='All Epitope Lists'!$Q148 -> 2558 | C146: ='All Epitope Lists'!$R148 -> 2584
A147: ='All Epitope Lists'!$P149 -> A0301_Pol_QR9 | B147: ='All Epitope Lists'!$Q149 -> 2576 | C147: ='All Epitope Lists'!$R149 -> 2602
A148: ='All Epitope Lists'!$P150 -> B4201_Pol_YL9 | B148: ='All Epitope Lists'!$Q150 -> 2582 | C148: ='All Epitope Lists'!$R150 -> 2608
A149: ='All Epitope Lists'!$P151 -> B3501_Pol_IL9 | B149: ='All Epitope Lists'!$Q151 -> 2648 | C149: ='All Epitope Lists'!$R151 -> 2674
A150: ='All Epitope Lists'!$P152 -> B5101_Pol_IL9 | B150: ='All Epitope Lists'!$Q152 -> 2648 | C150: ='All Epitope Lists'!$R152 -> 2674
A151: ='All Epitope Lists'!$P153 -> A0201_Pol_IV9 | B151: ='All Epitope Lists'!$Q153 -> 2696 | C151: ='All Epitope Lists'!$R153 -> 2722
A152: ='All Epitope Lists'!$P154 -> B1501_Pol_IY10 | B152: ='All Epitope Lists'!$Q154 -> 2696 | C152: ='All Epitope Lists'!$R154 -> 2725
A153: ='All Epitope Lists'!$P155 -> Cw1202_Pol_IY10 | B153: ='All Epitope Lists'!$Q155 -> 2696 | C153: ='All Epitope Lists'!$R155 -> 2725
A154: ='All Epitope Lists'!$P156 -> A24_Pol_VL9 | B154: ='All Epitope Lists'!$Q156 -> 2720 | C154: ='All Epitope Lists'!$R156 -> 2747
... A223: ='All Epitope Lists'!$P225 -> B53_Tat_EW10 | B223: ='All Epitope Lists'!$Q225 -> 5055 | C223: ='All Epitope Lists'!$R225 -> 5084
A224: ='All Epitope Lists'!#REF! -> #REF! | B224: ='All Epitope Lists'!#REF! -> #REF! | C224: ='All Epitope Lists'!#REF! -> #REF!
A225: ='All Epitope Lists'!$P226 -> Cw12_Tat_CC8 | B225: ='All Epitope Lists'!$Q226 -> 5139 | C225: ='All Epitope Lists'!$R226 -> 5162
A226: ='All Epitope Lists'!$P227 -> B1503_Tat_FY10 | B226: ='All Epitope Lists'!$Q227 -> 5163 | C226: ='All Epitope Lists'!$R227 -> 5192
A227: ='All Epitope Lists'!$P228 -> A6801_Tat_IR11 | B227: ='All Epitope Lists'!$Q228 -> 5166 | C227: ='All Epitope Lists'!$R228 -> 5198
A228: ='All Epitope Lists'!$P229 -> B4402_Rev_EL9 | B228: ='All Epitope Lists'!$Q229 -> 5218 | C228: ='All Epitope Lists'!$R229 -> 5244
A229: ='All Epitope Lists'!$P230 -> B5701_Rev_KY10 | B229: ='All Epitope Lists'!$Q230 -> 5230 | C229: ='All Epitope Lists'!$R230 -> 5259
A230: ='All Epitope Lists'!$P231 -> B5703_Rev_QY10 | B230: ='All Epitope Lists'!$Q231 -> 5230 | C230: ='All Epitope Lists'!$R231 -> 5259
A231: ='All Epitope Lists'!$P232 -> B5801_Rev_KY10 | B231: ='All Epitope Lists'!$Q232 -> 5230 | C231: ='All Epitope Lists'!$R232 -> 5259
A232: ='All Epitope Lists'!$P233 -> B63_Rev_KY10 | B232: ='All Epitope Lists'!$Q233 -> 5230 | C232: ='All Epitope Lists'!$R233 -> 5259
A233: ='All Epitope Lists'!$P234 -> Cw18_Vpu_YI9 | B233: ='All Epitope Lists'!$Q234 -> 5295 | C233: ='All Epitope Lists'!$R234 -> 5321
A234: ='All Epitope Lists'!$P235 -> A3303_Vpu_ER9 | B234: ='All Epitope Lists'!$Q235 -> 5367 | C234: ='All Epitope Lists'!$R235 -> 5393
A235: ='All Epitope Lists'!$P236 -> B0801_gp160_RL9 | B235: ='All Epitope Lists'!$Q236 -> 5458 | C235: ='All Epitope Lists'!$R236 -> 5484
A236: ='All Epitope Lists'!$P237 -> B1801_gp160_AY9 | B236: ='All Epitope Lists'!$Q237 -> 5533 | C236: ='All Epitope Lists'!$R237 -> 5559
... A311: ='All Epitope Lists'!$P312 -> A0205_Nef_GL9 | B311: ='All Epitope Lists'!$Q312 -> 8249 | C311: ='All Epitope Lists'!$R312 -> 8275
A312: ='All Epitope Lists'!#REF! -> #REF! | B312: ='All Epitope Lists'!#REF! -> #REF! | C312: ='All Epitope Lists'!#REF! -> #REF!
A313: ='All Epitope Lists'!$P313 -> B5703_Nef_AL9 | B313: ='All Epitope Lists'!$Q313 -> 8249 | C313: ='All Epitope Lists'!$R313 -> 8275
A314: ='All Epitope Lists'!$P314 -> B58_Nef_AL9 | B314: ='All Epitope Lists'!$Q314 -> 8249 | C314: ='All Epitope Lists'!$R314 -> 8275
A315: ='All Epitope Lists'!$P315 -> Cw0802_Nef_AL9 | B315: ='All Epitope Lists'!$Q315 -> 8249 | C315: ='All Epitope Lists'!$R315 -> 8275
A316: ='All Epitope Lists'!$P316 -> Cw3_Nef_AL9 | B316: ='All Epitope Lists'!$Q316 -> 8249 | C316: ='All Epitope Lists'!$R316 -> 8275
A317: ='All Epitope Lists'!$P317 -> A0301_Nef_AK9 | B317: ='All Epitope Lists'!$Q317 -> 8252 | C317: ='All Epitope Lists'!$R317 -> 8278
A318: ='All Epitope Lists'!$P318 -> A1101_Nef_AK9 | B318: ='All Epitope Lists'!$Q318 -> 8252 | C318: ='All Epitope Lists'!$R318 -> 8278
A319: ='All Epitope Lists'!$P319 -> B0801_Nef_FL8 | B319: ='All Epitope Lists'!$Q319 -> 8270 | C319: ='All Epitope Lists'!$R319 -> 8293
A320: ='All Epitope Lists'!$P320 -> B4001_Nef_KL9 | B320: ='All Epitope Lists'!$Q320 -> 8276 | C320: ='All Epitope Lists'!$R320 -> 8302
A321: ='All Epitope Lists'!$P321 -> B4403_Nef_KY11 | B321: ='All Epitope Lists'!$Q321 -> 8276 | C321: ='All Epitope Lists'!$R321 -> 8308
A322: ='All Epitope Lists'!$P322 -> B2705_Nef_RI10 | B322: ='All Epitope Lists'!$Q322 -> 8315 | C322: ='All Epitope Lists'!$R322 -> 8344
A323: ='All Epitope Lists'!$P323 -> B18_Nef_RY11 | B323: ='All Epitope Lists'!$Q323 -> 8315 | C323: ='All Epitope Lists'!$R323 -> 8347
A324: ='All Epitope Lists'!$P324 -> Cw07_Nef_RY11 | B324: ='All Epitope Lists'!$Q324 -> 8315 | C324: ='All Epitope Lists'!$R324 -> 8347
... A334: ='All Epitope Lists'!$P334 -> C02_Nef_GY9 | B334: ='All Epitope Lists'!$Q334 -> 8357 | C334: ='All Epitope Lists'!$R334 -> 8383
A335: ='All Epitope Lists'!$P336 -> A29_Nef_YT9 | B335: ='All Epitope Lists'!$Q336 -> 8360 | C335: ='All Epitope Lists'!$R336 -> 8386
A336: ='All Epitope Lists'!$P337 -> B35_Nef_YT9 | B336: ='All Epitope Lists'!$Q337 -> 8360 | C336: ='All Epitope Lists'!$R337 -> 8386
A337: ='All Epitope Lists'!$P338 -> Cw6_Nef_YT9 | B337: ='All Epitope Lists'!$Q338 -> 8360 | C337: ='All Epitope Lists'!$R338 -> 8386
A338: ='All Epitope Lists'!$P339 -> B5401_Nef_FP9 | B338: ='All Epitope Lists'!$Q339 -> 8363 | C338: ='All Epitope Lists'!$R339 -> 8389
A339: ='All Epitope Lists'!$P340 -> A2402_Nef_NY10 | B339: ='All Epitope Lists'!$Q340 -> 8378 | C339: ='All Epitope Lists'!$R340 -> 8407
A340: ='All Epitope Lists'!$P341 -> B57_Nef_YY9 | B340: ='All Epitope Lists'!$Q341 -> 8381 | C340: ='All Epitope Lists'!$R341 -> 8407
A341: ='All Epitope Lists'!$P342 -> B63_Nef_YY9 | B341: ='All Epitope Lists'!$Q342 -> 8381 | C341: ='All Epitope Lists'!$R342 -> 8407
A342: ='All Epitope Lists'!$P343 -> B0702_Nef_TL10 | B342: ='All Epitope Lists'!$Q343 -> 8384 | C342: ='All Epitope Lists'!$R343 -> 8413
A343: ='All Epitope Lists'!$P344 -> B4201_Nef_TL10 | B343: ='All Epitope Lists'!$Q344 -> 8384 | C343: ='All Epitope Lists'!$R344 -> 8413
A344: ='All Epitope Lists'!$P345 -> A33_Nef_TW9 | B344: ='All Epitope Lists'!$Q345 -> 8399 | C344: ='All Epitope Lists'!$R345 -> 8425
A345: ='All Epitope Lists'!$P346 -> A2402_Nef_RW8 | B345: ='All Epitope Lists'!$Q346 -> 8402 | C345: ='All Epitope Lists'!$R346 -> 8425
A346: ='All Epitope Lists'!$P347 -> A2402_Nef_RY10 | B346: ='All Epitope Lists'!$Q347 -> 8402 | C346: ='All Epitope Lists'!$R347 -> 8431
... A359: ='All Epitope Lists'!$P360 -> A03_Nef_RR9 | B359: ='All Epitope Lists'!$Q360 -> 8564 | C359: ='All Epitope Lists'!$R360 -> 8590
